"No.","Time","Source","Destination","Protocol","Length","Info"
"1","0.000000","20.189.173.7","10.48.115.199","TLSv1.2","105","Change Cipher Spec, Encrypted Handshake Message"
"2","0.000073","10.48.115.199","20.189.173.7","TCP","54","57541  >  443 [ACK] Seq=1 Ack=52 Win=1022 Len=0"
"3","0.000984","10.48.115.199","20.189.173.7","TLSv1.2","912","Application Data"
"4","0.001101","10.48.115.199","20.189.173.7","TCP","1494","57541  >  443 [ACK] Seq=859 Ack=52 Win=1022 Len=1440 [TCP segment of a reassembled PDU]"
"5","0.001101","10.48.115.199","20.189.173.7","TCP","1494","57541  >  443 [ACK] Seq=2299 Ack=52 Win=1022 Len=1440 [TCP segment of a reassembled PDU]"
"6","0.001101","10.48.115.199","20.189.173.7","TLSv1.2","933","Application Data"
"7","0.084322","20.189.173.7","10.48.115.199","TCP","56","443  >  57541 [ACK] Seq=52 Ack=3739 Win=2053 Len=0"
"8","0.084322","20.189.173.7","10.48.115.199","TCP","56","443  >  57541 [ACK] Seq=52 Ack=4618 Win=2049 Len=0"
"9","0.087786","20.189.173.7","10.48.115.199","TLSv1.2","506","Application Data"
"10","0.087860","10.48.115.199","20.189.173.7","TCP","54","57541  >  443 [ACK] Seq=4618 Ack=504 Win=1020 Len=0"
"11","0.254777","10.48.115.199","142.251.32.105","TCP","55","57299  >  443 [ACK] Seq=1 Ack=1 Win=512 Len=1 [TCP segment of a reassembled PDU]"
"12","0.265261","142.251.32.105","10.48.115.199","TCP","66","443  >  57299 [ACK] Seq=1 Ack=2 Win=265 Len=0 SLE=1 SRE=2"
"13","0.269862","10.48.115.199","142.250.65.161","TCP","55","57298  >  443 [ACK] Seq=1 Ack=1 Win=512 Len=1 [TCP segment of a reassembled PDU]"
"14","0.269894","10.48.115.199","142.251.41.3","TCP","55","57311  >  443 [ACK] Seq=1 Ack=1 Win=512 Len=1 [TCP segment of a reassembled PDU]"
"15","0.280262","142.251.41.3","10.48.115.199","TCP","66","443  >  57311 [ACK] Seq=1 Ack=2 Win=265 Len=0 SLE=1 SRE=2"
"16","0.280262","142.250.65.161","10.48.115.199","TCP","66","443  >  57298 [ACK] Seq=1 Ack=2 Win=266 Len=0 SLE=1 SRE=2"
"17","0.316886","10.48.115.199","142.250.176.206","TCP","55","57297  >  443 [ACK] Seq=1 Ack=1 Win=512 Len=1 [TCP segment of a reassembled PDU]"
"18","0.317039","10.48.115.199","142.251.32.105","TCP","55","57296  >  443 [ACK] Seq=1 Ack=1 Win=509 Len=1 [TCP segment of a reassembled PDU]"
"19","0.327204","142.250.176.206","10.48.115.199","TCP","66","443  >  57297 [ACK] Seq=1 Ack=2 Win=276 Len=0 SLE=1 SRE=2"
"20","0.327204","142.251.32.105","10.48.115.199","TCP","66","443  >  57296 [ACK] Seq=1 Ack=2 Win=269 Len=0 SLE=1 SRE=2"
"21","0.394891","10.48.115.199","142.251.40.225","TCP","55","57300  >  443 [ACK] Seq=1 Ack=1 Win=512 Len=1 [TCP segment of a reassembled PDU]"
"22","0.394929","10.48.115.199","142.251.40.225","TCP","55","57302  >  443 [ACK] Seq=1 Ack=1 Win=512 Len=1 [TCP segment of a reassembled PDU]"
"23","0.407166","142.251.40.225","10.48.115.199","TCP","66","443  >  57300 [ACK] Seq=1 Ack=2 Win=265 Len=0 SLE=1 SRE=2"
"24","0.407166","142.251.40.225","10.48.115.199","TCP","66","443  >  57302 [ACK] Seq=1 Ack=2 Win=265 Len=0 SLE=1 SRE=2"
"25","0.425974","10.48.115.199","142.251.40.225","TCP","55","57303  >  443 [ACK] Seq=1 Ack=1 Win=512 Len=1 [TCP segment of a reassembled PDU]"
"26","0.439473","142.251.40.225","10.48.115.199","TCP","66","443  >  57303 [ACK] Seq=1 Ack=2 Win=265 Len=0 SLE=1 SRE=2"
"27","0.472336","10.48.115.199","142.251.32.101","TCP","55","57406  >  443 [ACK] Seq=1 Ack=1 Win=511 Len=1 [TCP segment of a reassembled PDU]"
"28","0.484247","142.251.32.101","10.48.115.199","TCP","66","443  >  57406 [ACK] Seq=1 Ack=2 Win=307 Len=0 SLE=1 SRE=2"
"29","0.487570","10.48.115.199","142.251.40.206","TCP","55","57316  >  443 [ACK] Seq=1 Ack=1 Win=512 Len=1 [TCP segment of a reassembled PDU]"
"30","0.498416","142.251.40.206","10.48.115.199","TCP","66","443  >  57316 [ACK] Seq=1 Ack=2 Win=270 Len=0 SLE=1 SRE=2"
"31","0.565493","10.48.115.199","142.250.81.234","TCP","55","57327  >  443 [ACK] Seq=1 Ack=1 Win=511 Len=1 [TCP segment of a reassembled PDU]"
"32","0.575660","142.250.81.234","10.48.115.199","TCP","66","443  >  57327 [ACK] Seq=1 Ack=2 Win=265 Len=0 SLE=1 SRE=2"
"33","0.643417","10.48.115.199","142.250.176.206","TCP","55","57324  >  443 [ACK] Seq=1 Ack=1 Win=512 Len=1 [TCP segment of a reassembled PDU]"
"34","0.654097","142.250.176.206","10.48.115.199","TCP","66","443  >  57324 [ACK] Seq=1 Ack=2 Win=277 Len=0 SLE=1 SRE=2"
"35","0.721008","10.48.115.199","142.251.41.13","TCP","55","57332  >  443 [ACK] Seq=1 Ack=1 Win=512 Len=1 [TCP segment of a reassembled PDU]"
"36","0.732262","142.251.41.13","10.48.115.199","TCP","66","443  >  57332 [ACK] Seq=1 Ack=2 Win=283 Len=0 SLE=1 SRE=2"
"37","0.736301","10.48.115.199","142.251.40.225","TCP","55","57304  >  443 [ACK] Seq=1 Ack=1 Win=507 Len=1 [TCP segment of a reassembled PDU]"
"38","0.747821","142.251.40.225","10.48.115.199","TCP","66","443  >  57304 [ACK] Seq=1 Ack=2 Win=265 Len=0 SLE=1 SRE=2"
"39","0.785872","10.48.115.199","142.251.32.105","TCP","55","57319  >  443 [ACK] Seq=1 Ack=1 Win=512 Len=1 [TCP segment of a reassembled PDU]"
"40","0.796559","142.251.32.105","10.48.115.199","TCP","66","443  >  57319 [ACK] Seq=1 Ack=2 Win=286 Len=0 SLE=1 SRE=2"
"41","0.845827","10.48.115.199","142.250.80.74","TCP","55","57342  >  443 [ACK] Seq=1 Ack=1 Win=512 Len=1 [TCP segment of a reassembled PDU]"
"42","0.857375","142.250.80.74","10.48.115.199","TCP","66","443  >  57342 [ACK] Seq=1 Ack=2 Win=269 Len=0 SLE=1 SRE=2"
"43","0.877358","10.48.115.199","142.251.40.214","TCP","55","57345  >  443 [ACK] Seq=1 Ack=1 Win=511 Len=1 [TCP segment of a reassembled PDU]"
"44","0.888712","142.251.40.214","10.48.115.199","TCP","66","443  >  57345 [ACK] Seq=1 Ack=2 Win=265 Len=0 SLE=1 SRE=2"
"45","0.970478","10.48.115.199","142.250.65.202","TCP","55","57337  >  443 [ACK] Seq=1 Ack=1 Win=512 Len=1 [TCP segment of a reassembled PDU]"
"46","0.982502","142.250.65.202","10.48.115.199","TCP","66","443  >  57337 [ACK] Seq=1 Ack=2 Win=269 Len=0 SLE=1 SRE=2"
"47","1.000779","10.48.115.199","142.251.40.225","TCP","55","57348  >  443 [ACK] Seq=1 Ack=1 Win=512 Len=1 [TCP segment of a reassembled PDU]"
"48","1.011543","142.251.40.225","10.48.115.199","TCP","66","443  >  57348 [ACK] Seq=1 Ack=2 Win=265 Len=0 SLE=1 SRE=2"
"49","1.078268","10.48.115.199","142.251.41.3","TCP","55","57351  >  443 [ACK] Seq=1 Ack=1 Win=511 Len=1 [TCP segment of a reassembled PDU]"
"50","1.078290","10.48.115.199","142.251.41.3","TCP","55","57352  >  443 [ACK] Seq=1 Ack=1 Win=512 Len=1 [TCP segment of a reassembled PDU]"
"51","1.088317","142.251.41.3","10.48.115.199","TCP","66","443  >  57352 [ACK] Seq=1 Ack=2 Win=265 Len=0 SLE=1 SRE=2"
"52","1.088317","142.251.41.3","10.48.115.199","TCP","66","443  >  57351 [ACK] Seq=1 Ack=2 Win=265 Len=0 SLE=1 SRE=2"
"53","1.360589","10.48.115.199","142.251.32.99","TCP","55","57363  >  443 [ACK] Seq=1 Ack=1 Win=512 Len=1 [TCP segment of a reassembled PDU]"
"54","1.370840","142.251.32.99","10.48.115.199","TCP","66","443  >  57363 [ACK] Seq=1 Ack=2 Win=265 Len=0 SLE=1 SRE=2"
"55","1.769392","10.48.115.199","142.250.65.161","TCP","55","57356  >  443 [ACK] Seq=1 Ack=1 Win=510 Len=1 [TCP segment of a reassembled PDU]"
"56","1.782507","142.250.65.161","10.48.115.199","TCP","66","443  >  57356 [ACK] Seq=1 Ack=2 Win=269 Len=0 SLE=1 SRE=2"
"57","1.815667","10.48.115.199","142.250.81.243","TCP","55","57275  >  443 [ACK] Seq=1 Ack=1 Win=512 Len=1 [TCP segment of a reassembled PDU]"
"58","1.826202","142.250.81.243","10.48.115.199","TCP","66","443  >  57275 [ACK] Seq=1 Ack=2 Win=272 Len=0 SLE=1 SRE=2"
"59","2.523340","10.48.115.199","199.232.37.229","TCP","55","57005  >  443 [ACK] Seq=1 Ack=1 Win=513 Len=1 [TCP segment of a reassembled PDU]"
"60","2.535111","199.232.37.229","10.48.115.199","TCP","66","443  >  57005 [ACK] Seq=1 Ack=2 Win=290 Len=0 SLE=1 SRE=2"
"61","2.889698","142.251.40.170","10.48.115.199","UDP","202","443  >  52668 Len=160"
"62","2.889698","142.251.40.170","10.48.115.199","UDP","66","443  >  52668 Len=24"
"63","2.893839","10.48.115.199","142.251.40.170","UDP","75","52668  >  443 Len=33"
"64","2.902395","10.48.115.199","132.236.56.250","TCP","66","57542  >  53 [SYN] Seq=0 Win=64240 Len=0 MSS=1460 WS=256 SACK_PERM"
"65","2.902538","10.48.115.199","132.236.56.250","TCP","66","57543  >  53 [SYN] Seq=0 Win=64240 Len=0 MSS=1460 WS=256 SACK_PERM"
"66","2.904826","132.236.56.250","10.48.115.199","TCP","66","53  >  57542 [SYN, ACK] Seq=0 Ack=1 Win=29200 Len=0 MSS=1460 SACK_PERM WS=128"
"67","2.904826","132.236.56.250","10.48.115.199","TCP","66","53  >  57543 [SYN, ACK] Seq=0 Ack=1 Win=29200 Len=0 MSS=1460 SACK_PERM WS=128"
"68","2.904898","10.48.115.199","132.236.56.250","TCP","54","57542  >  53 [ACK] Seq=1 Ack=1 Win=131328 Len=0"
"69","2.904946","10.48.115.199","132.236.56.250","TCP","54","57543  >  53 [ACK] Seq=1 Ack=1 Win=131328 Len=0"
"70","2.905093","10.48.115.199","132.236.56.250","TCP","56","57543  >  53 [PSH, ACK] Seq=1 Ack=1 Win=131328 Len=2 [TCP segment of a reassembled PDU]"
"71","2.905226","10.48.115.199","132.236.56.250","DNS","103","Standard query 0xc750 HTTPS signaler-pa.clients6.google.com"
"72","2.905310","10.48.115.199","132.236.56.250","TCP","56","57542  >  53 [PSH, ACK] Seq=1 Ack=1 Win=131328 Len=2 [TCP segment of a reassembled PDU]"
"73","2.905354","10.48.115.199","132.236.56.250","DNS","103","Standard query 0xbcf6 A signaler-pa.clients6.google.com"
"74","2.908811","132.236.56.250","10.48.115.199","TCP","56","53  >  57543 [ACK] Seq=1 Ack=3 Win=29312 Len=0"
"75","2.908811","132.236.56.250","10.48.115.199","TCP","56","53  >  57542 [ACK] Seq=1 Ack=3 Win=29312 Len=0"
"76","2.909129","132.236.56.250","10.48.115.199","TCP","56","53  >  57543 [ACK] Seq=1 Ack=52 Win=29312 Len=0"
"77","2.909129","132.236.56.250","10.48.115.199","TCP","56","53  >  57542 [ACK] Seq=1 Ack=52 Win=29312 Len=0"
"78","2.909329","132.236.56.250","10.48.115.199","DNS","165","Standard query response 0xc750 HTTPS signaler-pa.clients6.google.com SOA ns1.google.com"
"79","2.909329","132.236.56.250","10.48.115.199","DNS","121","Standard query response 0xbcf6 A signaler-pa.clients6.google.com A 142.250.65.202"
"80","2.909681","10.48.115.199","132.236.56.250","TCP","54","57542  >  53 [FIN, ACK] Seq=52 Ack=68 Win=131328 Len=0"
"81","2.910353","10.48.115.199","142.250.65.202","QUIC","1292","Initial, DCID=38db581f242fb66d, PKN: 1, PADDING, CRYPTO, PADDING, PING, CRYPTO, PADDING, PING, PADDING, PING, PING, PING, PADDING, PING, PING"
"82","2.910527","10.48.115.199","142.250.65.202","QUIC","121","0-RTT, DCID=38db581f242fb66d"
"83","2.910589","10.48.115.199","132.236.56.250","TCP","54","57543  >  53 [FIN, ACK] Seq=52 Ack=112 Win=131072 Len=0"
"84","2.910789","10.48.115.199","142.250.65.202","QUIC","535","0-RTT, DCID=38db581f242fb66d"
"85","2.913111","132.236.56.250","10.48.115.199","TCP","56","53  >  57542 [FIN, ACK] Seq=68 Ack=53 Win=29312 Len=0"
"86","2.913111","132.236.56.250","10.48.115.199","TCP","56","53  >  57543 [FIN, ACK] Seq=112 Ack=53 Win=29312 Len=0"
"87","2.913170","10.48.115.199","132.236.56.250","TCP","54","57542  >  53 [ACK] Seq=53 Ack=69 Win=131328 Len=0"
"88","2.913269","10.48.115.199","132.236.56.250","TCP","54","57543  >  53 [ACK] Seq=53 Ack=113 Win=131072 Len=0"
"89","2.927620","142.250.65.202","10.48.115.199","QUIC","1292","Protected Payload (KP0)"
"90","2.927620","142.250.65.202","10.48.115.199","QUIC","856","Protected Payload (KP0)"
"91","2.927620","142.250.65.202","10.48.115.199","QUIC","226","Protected Payload (KP0)"
"92","2.927620","142.250.65.202","10.48.115.199","QUIC","66","Protected Payload (KP0)"
"93","2.928323","10.48.115.199","142.250.65.202","QUIC","120","Handshake, DCID=f8db581f242fb66d"
"94","2.928508","10.48.115.199","142.250.65.202","QUIC","73","Protected Payload (KP0), DCID=f8db581f242fb66d"
"95","2.938704","142.250.65.202","10.48.115.199","QUIC","162","Protected Payload (KP0)"
"96","2.938704","142.250.65.202","10.48.115.199","QUIC","64","Protected Payload (KP0)"
"97","2.939282","10.48.115.199","142.250.65.202","QUIC","73","Protected Payload (KP0), DCID=f8db581f242fb66d"
"98","2.942262","142.250.65.202","10.48.115.199","QUIC","241","Protected Payload (KP0)"
"99","2.942262","142.250.65.202","10.48.115.199","QUIC","63","Protected Payload (KP0)"
"100","2.942783","10.48.115.199","142.250.65.202","QUIC","77","Protected Payload (KP0), DCID=f8db581f242fb66d"
"101","2.944517","10.48.115.199","142.251.40.170","UDP","555","52668  >  443 Len=513"
"102","2.954680","142.250.65.202","10.48.115.199","QUIC","67","Protected Payload (KP0)"
"103","2.956674","142.251.40.170","10.48.115.199","UDP","74","443  >  52668 Len=32"
"104","2.960016","10.48.115.199","142.251.40.170","UDP","75","52668  >  443 Len=33"
"105","2.968354","10.48.115.199","142.250.65.202","QUIC","74","Protected Payload (KP0), DCID=f8db581f242fb66d"
"106","2.974610","142.251.40.170","10.48.115.199","UDP","148","443  >  52668 Len=106"
"107","2.975102","10.48.115.199","142.251.40.170","UDP","81","52668  >  443 Len=39"
"108","2.988126","142.251.40.170","10.48.115.199","UDP","68","443  >  52668 Len=26"
"109","3.512180","10.48.115.199","128.253.180.2","TCP","66","57544  >  53 [SYN] Seq=0 Win=64240 Len=0 MSS=1460 WS=256 SACK_PERM"
"110","3.512345","10.48.115.199","128.253.180.2","TCP","66","57545  >  53 [SYN] Seq=0 Win=64240 Len=0 MSS=1460 WS=256 SACK_PERM"
"111","3.514373","128.253.180.2","10.48.115.199","TCP","66","53  >  57544 [SYN, ACK] Seq=0 Ack=1 Win=29200 Len=0 MSS=1460 SACK_PERM WS=128"
"112","3.514373","128.253.180.2","10.48.115.199","TCP","66","53  >  57545 [SYN, ACK] Seq=0 Ack=1 Win=29200 Len=0 MSS=1460 SACK_PERM WS=128"
"113","3.514438","10.48.115.199","128.253.180.2","TCP","54","57544  >  53 [ACK] Seq=1 Ack=1 Win=131328 Len=0"
"114","3.514483","10.48.115.199","128.253.180.2","TCP","54","57545  >  53 [ACK] Seq=1 Ack=1 Win=131328 Len=0"
"115","3.514520","10.48.115.199","128.253.180.2","TCP","56","57545  >  53 [PSH, ACK] Seq=1 Ack=1 Win=131328 Len=2 [TCP segment of a reassembled PDU]"
"116","3.514583","10.48.115.199","128.253.180.2","DNS","87","Standard query 0x66ba HTTPS ssl.gstatic.com"
"117","3.514618","10.48.115.199","128.253.180.2","TCP","56","57544  >  53 [PSH, ACK] Seq=1 Ack=1 Win=131328 Len=2 [TCP segment of a reassembled PDU]"
"118","3.514637","10.48.115.199","128.253.180.2","DNS","87","Standard query 0x2bdd A ssl.gstatic.com"
"119","3.516375","128.253.180.2","10.48.115.199","TCP","56","53  >  57545 [ACK] Seq=1 Ack=3 Win=29312 Len=0"
"120","3.516375","128.253.180.2","10.48.115.199","TCP","56","53  >  57545 [ACK] Seq=1 Ack=36 Win=29312 Len=0"
"121","3.516633","128.253.180.2","10.48.115.199","DNS","149","Standard query response 0x66ba HTTPS ssl.gstatic.com SOA ns1.google.com"
"122","3.516633","128.253.180.2","10.48.115.199","TCP","56","53  >  57544 [ACK] Seq=1 Ack=3 Win=29312 Len=0"
"123","3.516732","10.48.115.199","128.253.180.2","TCP","54","57545  >  53 [FIN, ACK] Seq=36 Ack=96 Win=131072 Len=0"
"124","3.517147","128.253.180.2","10.48.115.199","TCP","56","53  >  57544 [ACK] Seq=1 Ack=36 Win=29312 Len=0"
"125","3.517147","128.253.180.2","10.48.115.199","DNS","105","Standard query response 0x2bdd A ssl.gstatic.com A 142.250.80.35"
"126","3.517640","10.48.115.199","142.250.80.35","QUIC","1292","Initial, DCID=ebd6384146089d02, PKN: 1, PADDING, PING, PING, PADDING, CRYPTO, PING, CRYPTO, PING, PADDING, PING"
"127","3.517839","10.48.115.199","142.250.80.35","QUIC","117","0-RTT, DCID=ebd6384146089d02"
"128","3.517923","10.48.115.199","128.253.180.2","TCP","54","57544  >  53 [FIN, ACK] Seq=36 Ack=52 Win=131328 Len=0"
"129","3.518102","10.48.115.199","142.250.80.35","QUIC","579","0-RTT, DCID=ebd6384146089d02"
"130","3.519179","128.253.180.2","10.48.115.199","TCP","56","53  >  57545 [FIN, ACK] Seq=96 Ack=37 Win=29312 Len=0"
"131","3.519213","10.48.115.199","128.253.180.2","TCP","54","57545  >  53 [ACK] Seq=37 Ack=97 Win=131072 Len=0"
"132","3.521001","128.253.180.2","10.48.115.199","TCP","56","53  >  57544 [FIN, ACK] Seq=52 Ack=37 Win=29312 Len=0"
"133","3.521036","10.48.115.199","128.253.180.2","TCP","54","57544  >  53 [ACK] Seq=37 Ack=53 Win=131328 Len=0"
"134","3.533888","142.250.80.35","10.48.115.199","QUIC","1292","Protected Payload (KP0)"
"135","3.533888","142.250.80.35","10.48.115.199","QUIC","849","Protected Payload (KP0)"
"136","3.534154","142.250.80.35","10.48.115.199","QUIC","201","Protected Payload (KP0)"
"137","3.534154","142.250.80.35","10.48.115.199","QUIC","66","Protected Payload (KP0)"
"138","3.534298","10.48.115.199","142.250.80.35","QUIC","120","Handshake, DCID=ebd6384146089d02"
"139","3.534402","10.48.115.199","142.250.80.35","QUIC","73","Protected Payload (KP0), DCID=ebd6384146089d02"
"140","3.538677","142.250.80.35","10.48.115.199","QUIC","64","Protected Payload (KP0)"
"141","3.538941","10.48.115.199","142.250.80.35","QUIC","73","Protected Payload (KP0), DCID=ebd6384146089d02"
"142","3.544477","142.250.80.35","10.48.115.199","QUIC","162","Protected Payload (KP0)"
"143","3.552237","142.250.80.35","10.48.115.199","QUIC","570","Protected Payload (KP0)"
"144","3.552558","10.48.115.199","142.250.80.35","QUIC","77","Protected Payload (KP0), DCID=ebd6384146089d02"
"145","3.554392","142.250.80.35","10.48.115.199","QUIC","64","Protected Payload (KP0)"
"146","3.563919","142.250.80.35","10.48.115.199","QUIC","67","Protected Payload (KP0)"
"147","3.581038","10.48.115.199","142.250.80.35","QUIC","74","Protected Payload (KP0), DCID=ebd6384146089d02"
"148","3.656641","10.48.115.199","128.253.180.2","TCP","66","57546  >  53 [SYN] Seq=0 Win=64240 Len=0 MSS=1460 WS=256 SACK_PERM"
"149","3.656783","10.48.115.199","128.253.180.2","TCP","66","57547  >  53 [SYN] Seq=0 Win=64240 Len=0 MSS=1460 WS=256 SACK_PERM"
"150","3.659330","128.253.180.2","10.48.115.199","TCP","66","53  >  57546 [SYN, ACK] Seq=0 Ack=1 Win=29200 Len=0 MSS=1460 SACK_PERM WS=128"
"151","3.659330","128.253.180.2","10.48.115.199","TCP","66","53  >  57547 [SYN, ACK] Seq=0 Ack=1 Win=29200 Len=0 MSS=1460 SACK_PERM WS=128"
"152","3.659446","10.48.115.199","128.253.180.2","TCP","54","57546  >  53 [ACK] Seq=1 Ack=1 Win=131328 Len=0"
"153","3.659531","10.48.115.199","128.253.180.2","TCP","54","57547  >  53 [ACK] Seq=1 Ack=1 Win=131328 Len=0"
"154","3.659671","10.48.115.199","128.253.180.2","TCP","56","57547  >  53 [PSH, ACK] Seq=1 Ack=1 Win=131328 Len=2 [TCP segment of a reassembled PDU]"
"155","3.659797","10.48.115.199","128.253.180.2","DNS","89","Standard query 0xd353 HTTPS api.teleparty.com"
"156","3.659880","10.48.115.199","128.253.180.2","TCP","56","57546  >  53 [PSH, ACK] Seq=1 Ack=1 Win=131328 Len=2 [TCP segment of a reassembled PDU]"
"157","3.659930","10.48.115.199","128.253.180.2","DNS","89","Standard query 0x5b6a A api.teleparty.com"
"158","3.662319","128.253.180.2","10.48.115.199","TCP","56","53  >  57547 [ACK] Seq=1 Ack=3 Win=29312 Len=0"
"159","3.662319","128.253.180.2","10.48.115.199","TCP","56","53  >  57547 [ACK] Seq=1 Ack=38 Win=29312 Len=0"
"160","3.662512","128.253.180.2","10.48.115.199","DNS","181","Standard query response 0xd353 HTTPS api.teleparty.com HTTPS"
"161","3.662512","128.253.180.2","10.48.115.199","TCP","56","53  >  57546 [ACK] Seq=1 Ack=3 Win=29312 Len=0"
"162","3.662814","10.48.115.199","128.253.180.2","TCP","54","57547  >  53 [FIN, ACK] Seq=38 Ack=128 Win=131072 Len=0"
"163","3.662822","128.253.180.2","10.48.115.199","TCP","56","53  >  57546 [ACK] Seq=1 Ack=38 Win=29312 Len=0"
"164","3.662822","128.253.180.2","10.48.115.199","DNS","139","Standard query response 0x5b6a A api.teleparty.com A 104.22.14.220 A 104.22.15.220 A 172.67.5.200"
"165","3.663092","10.48.115.199","128.253.180.2","TCP","54","57546  >  53 [FIN, ACK] Seq=38 Ack=86 Win=131072 Len=0"
"166","3.663527","10.48.115.199","104.22.14.220","TCP","66","57548  >  443 [SYN] Seq=0 Win=64240 Len=0 MSS=1460 WS=256 SACK_PERM"
"167","3.665260","128.253.180.2","10.48.115.199","TCP","56","53  >  57547 [FIN, ACK] Seq=128 Ack=39 Win=29312 Len=0"
"168","3.665260","128.253.180.2","10.48.115.199","TCP","56","53  >  57546 [FIN, ACK] Seq=86 Ack=39 Win=29312 Len=0"
"169","3.665321","10.48.115.199","128.253.180.2","TCP","54","57547  >  53 [ACK] Seq=39 Ack=129 Win=131072 Len=0"
"170","3.665420","10.48.115.199","128.253.180.2","TCP","54","57546  >  53 [ACK] Seq=39 Ack=87 Win=131072 Len=0"
"171","3.675404","104.22.14.220","10.48.115.199","TCP","66","443  >  57548 [SYN, ACK] Seq=0 Ack=1 Win=64240 Len=0 MSS=1400 SACK_PERM WS=8192"
"172","3.675502","10.48.115.199","104.22.14.220","TCP","54","57548  >  443 [ACK] Seq=1 Ack=1 Win=131584 Len=0"
"173","3.675988","10.48.115.199","104.22.14.220","TLSv1.3","608","Client Hello"
"174","3.686880","104.22.14.220","10.48.115.199","TCP","56","443  >  57548 [ACK] Seq=1 Ack=555 Win=57344 Len=0"
"175","3.689074","104.22.14.220","10.48.115.199","TLSv1.3","266","Server Hello, Change Cipher Spec, Application Data"
"176","3.691285","10.48.115.199","104.22.14.220","TLSv1.3","118","Change Cipher Spec, Application Data"
"177","3.691443","10.48.115.199","104.22.14.220","TLSv1.3","152","Application Data"
"178","3.691534","10.48.115.199","104.22.14.220","TLSv1.3","459","Application Data"
"179","3.702622","104.22.14.220","10.48.115.199","TCP","56","443  >  57548 [ACK] Seq=213 Ack=1122 Win=57344 Len=0"
"180","3.705101","104.22.14.220","10.48.115.199","TLSv1.3","575","Application Data, Application Data"
"181","3.705493","10.48.115.199","104.22.14.220","TLSv1.3","85","Application Data"
"182","3.722178","104.22.14.220","10.48.115.199","TLSv1.3","227","Application Data"
"183","3.763111","10.48.115.199","104.22.14.220","TCP","54","57548  >  443 [ACK] Seq=1153 Ack=907 Win=130560 Len=0"
"184","3.872173","10.48.115.199","142.251.35.174","UDP","71","60547  >  443 Len=29"
"185","3.886527","142.251.35.174","10.48.115.199","UDP","68","443  >  60547 Len=26"
"186","4.110588","142.251.40.170","10.48.115.199","UDP","122","443  >  52668 Len=80"
"187","4.110588","142.251.40.170","10.48.115.199","UDP","66","443  >  52668 Len=24"
"188","4.113856","10.48.115.199","142.251.40.170","UDP","75","52668  >  443 Len=33"
"189","4.114653","10.48.115.199","142.250.65.202","QUIC","326","Protected Payload (KP0), DCID=f8db581f242fb66d"
"190","4.126833","142.250.65.202","10.48.115.199","QUIC","69","Protected Payload (KP0)"
"191","4.139534","142.250.65.202","10.48.115.199","QUIC","128","Protected Payload (KP0)"
"192","4.139534","142.250.65.202","10.48.115.199","QUIC","63","Protected Payload (KP0)"
"193","4.140139","10.48.115.199","142.250.65.202","QUIC","77","Protected Payload (KP0), DCID=f8db581f242fb66d"
"194","4.141693","10.48.115.199","142.251.40.170","UDP","332","52668  >  443 Len=290"
"195","4.154020","142.251.40.170","10.48.115.199","UDP","74","443  >  52668 Len=32"
"196","4.157070","10.48.115.199","142.251.40.170","UDP","75","52668  >  443 Len=33"
"197","4.166482","10.48.115.199","142.250.65.202","QUIC","74","Protected Payload (KP0), DCID=f8db581f242fb66d"
"198","4.167974","142.251.40.170","10.48.115.199","UDP","148","443  >  52668 Len=106"
"199","4.168243","10.48.115.199","142.251.40.170","UDP","81","52668  >  443 Len=39"
"200","4.177451","142.250.65.202","10.48.115.199","QUIC","66","Protected Payload (KP0)"
"201","4.181380","142.251.40.170","10.48.115.199","UDP","68","443  >  52668 Len=26"
"202","4.237936","54.173.177.187","10.48.115.199","TLSv1.2","99","Application Data"
"203","4.279507","10.48.115.199","54.173.177.187","TCP","54","57469  >  443 [ACK] Seq=1 Ack=46 Win=510 Len=0"
"204","4.360037","10.48.115.199","128.253.180.2","TCP","66","57549  >  53 [SYN] Seq=0 Win=64240 Len=0 MSS=1460 WS=256 SACK_PERM"
"205","4.360256","10.48.115.199","128.253.180.2","TCP","66","57550  >  53 [SYN] Seq=0 Win=64240 Len=0 MSS=1460 WS=256 SACK_PERM"
"206","4.362534","128.253.180.2","10.48.115.199","TCP","66","53  >  57549 [SYN, ACK] Seq=0 Ack=1 Win=29200 Len=0 MSS=1460 SACK_PERM WS=128"
"207","4.362534","128.253.180.2","10.48.115.199","TCP","66","53  >  57550 [SYN, ACK] Seq=0 Ack=1 Win=29200 Len=0 MSS=1460 SACK_PERM WS=128"
"208","4.362652","10.48.115.199","128.253.180.2","TCP","54","57549  >  53 [ACK] Seq=1 Ack=1 Win=131328 Len=0"
"209","4.362728","10.48.115.199","128.253.180.2","TCP","54","57550  >  53 [ACK] Seq=1 Ack=1 Win=131328 Len=0"
"210","4.362780","10.48.115.199","128.253.180.2","TCP","56","57550  >  53 [PSH, ACK] Seq=1 Ack=1 Win=131328 Len=2 [TCP segment of a reassembled PDU]"
"211","4.362861","10.48.115.199","128.253.180.2","DNS","87","Standard query 0xcabe HTTPS d.joinhoney.com"
"212","4.362903","10.48.115.199","128.253.180.2","TCP","56","57549  >  53 [PSH, ACK] Seq=1 Ack=1 Win=131328 Len=2 [TCP segment of a reassembled PDU]"
"213","4.362923","10.48.115.199","128.253.180.2","DNS","87","Standard query 0x9f97 A d.joinhoney.com"
"214","4.364909","128.253.180.2","10.48.115.199","TCP","56","53  >  57550 [ACK] Seq=1 Ack=3 Win=29312 Len=0"
"215","4.364909","128.253.180.2","10.48.115.199","TCP","56","53  >  57550 [ACK] Seq=1 Ack=36 Win=29312 Len=0"
"216","4.365098","128.253.180.2","10.48.115.199","TCP","56","53  >  57549 [ACK] Seq=1 Ack=3 Win=29312 Len=0"
"217","4.365098","128.253.180.2","10.48.115.199","TCP","56","53  >  57549 [ACK] Seq=1 Ack=36 Win=29312 Len=0"
"218","4.365268","128.253.180.2","10.48.115.199","DNS","185","Standard query response 0xcabe HTTPS d.joinhoney.com SOA ns-cloud-b1.googledomains.com"
"219","4.365268","128.253.180.2","10.48.115.199","DNS","105","Standard query response 0x9f97 A d.joinhoney.com A 130.211.16.53"
"220","4.365573","10.48.115.199","128.253.180.2","TCP","54","57549  >  53 [FIN, ACK] Seq=36 Ack=52 Win=131328 Len=0"
"221","4.366102","10.48.115.199","130.211.16.53","QUIC","1292","Initial, DCID=4d5915f9b0d0a6e8, PKN: 1, PING, PING, PADDING, PING, CRYPTO, PADDING, PING, PING, PADDING, PING, CRYPTO, PADDING, PING, PADDING, PING"
"222","4.366150","10.48.115.199","128.253.180.2","TCP","54","57550  >  53 [FIN, ACK] Seq=36 Ack=132 Win=131072 Len=0"
"223","4.368335","128.253.180.2","10.48.115.199","TCP","56","53  >  57549 [FIN, ACK] Seq=52 Ack=37 Win=29312 Len=0"
"224","4.368335","128.253.180.2","10.48.115.199","TCP","56","53  >  57550 [FIN, ACK] Seq=132 Ack=37 Win=29312 Len=0"
"225","4.368397","10.48.115.199","128.253.180.2","TCP","54","57549  >  53 [ACK] Seq=37 Ack=53 Win=131328 Len=0"
"226","4.368496","10.48.115.199","128.253.180.2","TCP","54","57550  >  53 [ACK] Seq=37 Ack=133 Win=131072 Len=0"
"227","4.384578","130.211.16.53","10.48.115.199","QUIC","1292","Protected Payload (KP0)"
"228","4.385790","10.48.115.199","130.211.16.53","QUIC","207","Protected Payload (KP0), DCID=cd5915f9b0d0a6e8"
"229","4.386029","10.48.115.199","130.211.16.53","QUIC","1288","Protected Payload (KP0), DCID=cd5915f9b0d0a6e8"
"230","4.386057","10.48.115.199","130.211.16.53","QUIC","727","Protected Payload (KP0), DCID=cd5915f9b0d0a6e8"
"231","4.396280","130.211.16.53","10.48.115.199","QUIC","560","Protected Payload (KP0)"
"232","4.396280","130.211.16.53","10.48.115.199","QUIC","163","Protected Payload (KP0)"
"233","4.396551","130.211.16.53","10.48.115.199","QUIC","65","Protected Payload (KP0)"
"234","4.396551","130.211.16.53","10.48.115.199","QUIC","69","Protected Payload (KP0)"
"235","4.396738","10.48.115.199","130.211.16.53","QUIC","74","Protected Payload (KP0), DCID=cd5915f9b0d0a6e8"
"236","4.400118","130.211.16.53","10.48.115.199","QUIC","204","Protected Payload (KP0)"
"237","4.400590","10.48.115.199","130.211.16.53","QUIC","77","Protected Payload (KP0), DCID=cd5915f9b0d0a6e8"
"238","4.437295","130.211.16.53","10.48.115.199","QUIC","66","Protected Payload (KP0)"
"239","4.605183","3.232.11.235","10.48.115.199","TLSv1.2","99","Application Data"
"240","4.622589","142.251.40.170","10.48.115.199","UDP","121","443  >  55594 Len=79"
"241","4.625513","10.48.115.199","142.251.40.170","UDP","75","55594  >  443 Len=33"
"242","4.653231","10.48.115.199","3.232.11.235","TCP","54","55055  >  443 [ACK] Seq=1 Ack=46 Win=511 Len=0"
"243","5.431972","142.251.40.170","10.48.115.199","UDP","344","443  >  52668 Len=302"
"244","5.431972","142.251.40.170","10.48.115.199","UDP","345","443  >  52668 Len=303"
"245","5.436702","10.48.115.199","142.251.40.170","UDP","75","52668  >  443 Len=33"
"246","5.444814","10.48.115.199","132.236.56.250","TCP","66","57551  >  53 [SYN] Seq=0 Win=64240 Len=0 MSS=1460 WS=256 SACK_PERM"
"247","5.444971","10.48.115.199","132.236.56.250","TCP","66","57552  >  53 [SYN] Seq=0 Win=64240 Len=0 MSS=1460 WS=256 SACK_PERM"
"248","5.446895","132.236.56.250","10.48.115.199","TCP","66","53  >  57552 [SYN, ACK] Seq=0 Ack=1 Win=29200 Len=0 MSS=1460 SACK_PERM WS=128"
"249","5.446895","132.236.56.250","10.48.115.199","TCP","66","53  >  57551 [SYN, ACK] Seq=0 Ack=1 Win=29200 Len=0 MSS=1460 SACK_PERM WS=128"
"250","5.446959","10.48.115.199","132.236.56.250","TCP","54","57552  >  53 [ACK] Seq=1 Ack=1 Win=131328 Len=0"
"251","5.446995","10.48.115.199","132.236.56.250","TCP","54","57551  >  53 [ACK] Seq=1 Ack=1 Win=131328 Len=0"
"252","5.447071","10.48.115.199","132.236.56.250","TCP","56","57551  >  53 [PSH, ACK] Seq=1 Ack=1 Win=131328 Len=2 [TCP segment of a reassembled PDU]"
"253","5.447135","10.48.115.199","132.236.56.250","DNS","91","Standard query 0x217e A clients6.google.com"
"254","5.447174","10.48.115.199","132.236.56.250","TCP","56","57552  >  53 [PSH, ACK] Seq=1 Ack=1 Win=131328 Len=2 [TCP segment of a reassembled PDU]"
"255","5.447194","10.48.115.199","132.236.56.250","DNS","91","Standard query 0x0504 HTTPS clients6.google.com"
"256","5.449016","132.236.56.250","10.48.115.199","TCP","56","53  >  57552 [ACK] Seq=1 Ack=3 Win=29312 Len=0"
"257","5.449016","132.236.56.250","10.48.115.199","TCP","56","53  >  57552 [ACK] Seq=1 Ack=40 Win=29312 Len=0"
"258","5.449360","132.236.56.250","10.48.115.199","TCP","56","53  >  57551 [ACK] Seq=1 Ack=3 Win=29312 Len=0"
"259","5.449360","132.236.56.250","10.48.115.199","TCP","56","53  >  57551 [ACK] Seq=1 Ack=40 Win=29312 Len=0"
"260","5.449699","132.236.56.250","10.48.115.199","DNS","143","Standard query response 0x217e A clients6.google.com CNAME clients.l.google.com A 142.251.40.206"
"261","5.449699","132.236.56.250","10.48.115.199","DNS","177","Standard query response 0x0504 HTTPS clients6.google.com CNAME clients.l.google.com SOA ns1.google.com"
"262","5.449875","10.48.115.199","132.236.56.250","TCP","54","57552  >  53 [FIN, ACK] Seq=40 Ack=124 Win=131072 Len=0"
"263","5.450678","10.48.115.199","142.251.40.206","QUIC","1292","Initial, DCID=0bb417318867faec, PKN: 1, PING, CRYPTO, PING, PADDING, PING, PING, CRYPTO, PADDING, CRYPTO, PADDING, CRYPTO, PADDING, CRYPTO, PADDING, CRYPTO, PING, PING, PADDING"
"264","5.451010","10.48.115.199","142.251.40.206","QUIC","121","0-RTT, DCID=0bb417318867faec"
"265","5.451131","10.48.115.199","132.236.56.250","TCP","54","57551  >  53 [FIN, ACK] Seq=40 Ack=90 Win=131072 Len=0"
"266","5.452571","132.236.56.250","10.48.115.199","TCP","56","53  >  57552 [FIN, ACK] Seq=124 Ack=41 Win=29312 Len=0"
"267","5.452595","10.48.115.199","132.236.56.250","TCP","54","57552  >  53 [ACK] Seq=41 Ack=125 Win=131072 Len=0"
"268","5.454473","132.236.56.250","10.48.115.199","TCP","56","53  >  57551 [FIN, ACK] Seq=90 Ack=41 Win=29312 Len=0"
"269","5.454508","10.48.115.199","132.236.56.250","TCP","54","57551  >  53 [ACK] Seq=41 Ack=91 Win=131072 Len=0"
"270","5.467074","142.251.40.206","10.48.115.199","QUIC","1292","Protected Payload (KP0)"
"271","5.467074","142.251.40.206","10.48.115.199","QUIC","857","Protected Payload (KP0)"
"272","5.467796","10.48.115.199","142.251.40.206","QUIC","120","Handshake, DCID=cbb417318867faec"
"273","5.467968","10.48.115.199","142.251.40.206","QUIC","73","Protected Payload (KP0), DCID=cbb417318867faec"
"274","5.468301","10.48.115.199","142.251.40.206","QUIC","1288","Protected Payload (KP0), DCID=cbb417318867faec"
"275","5.468360","10.48.115.199","142.251.40.206","QUIC","1288","Protected Payload (KP0), DCID=cbb417318867faec"
"276","5.468400","10.48.115.199","142.251.40.206","QUIC","1292","Protected Payload (KP0), DCID=cbb417318867faec"
"277","5.468441","10.48.115.199","142.251.40.206","QUIC","1292","Protected Payload (KP0), DCID=cbb417318867faec"
"278","5.468478","10.48.115.199","142.251.40.206","QUIC","811","Protected Payload (KP0), DCID=cbb417318867faec"
"279","5.468625","142.251.40.206","10.48.115.199","QUIC","201","Protected Payload (KP0)"
"280","5.468685","10.48.115.199","142.251.40.206","QUIC","1288","Protected Payload (KP0), DCID=cbb417318867faec"
"281","5.468754","10.48.115.199","142.251.40.206","QUIC","1292","Protected Payload (KP0), DCID=cbb417318867faec"
"282","5.468794","10.48.115.199","142.251.40.206","QUIC","1292","Protected Payload (KP0), DCID=cbb417318867faec"
"283","5.468844","10.48.115.199","142.251.40.206","QUIC","195","Protected Payload (KP0), DCID=cbb417318867faec"
"284","5.477972","142.251.40.206","10.48.115.199","QUIC","168","Protected Payload (KP0)"
"285","5.478328","10.48.115.199","142.251.40.206","QUIC","73","Protected Payload (KP0), DCID=cbb417318867faec"
"286","5.478629","142.251.40.206","10.48.115.199","QUIC","67","Protected Payload (KP0)"
"287","5.478629","142.251.40.206","10.48.115.199","QUIC","71","Protected Payload (KP0)"
"288","5.479782","142.251.40.206","10.48.115.199","QUIC","67","Protected Payload (KP0)"
"289","5.485836","142.251.40.206","10.48.115.199","QUIC","67","Protected Payload (KP0)"
"290","5.487754","142.251.40.206","10.48.115.199","QUIC","71","Protected Payload (KP0)"
"291","5.487935","10.48.115.199","142.251.40.206","QUIC","73","Protected Payload (KP0), DCID=cbb417318867faec"
"292","5.690694","10.48.115.199","142.251.40.206","QUIC","71","Protected Payload (KP0), DCID=cbb417318867faec"
"293","5.696817","142.251.40.206","10.48.115.199","QUIC","1288","Protected Payload (KP0)"
"294","5.696817","142.251.40.206","10.48.115.199","QUIC","525","Protected Payload (KP0)"
"295","5.696970","142.251.40.206","10.48.115.199","QUIC","177","Protected Payload (KP0)"
"296","5.697125","10.48.115.199","142.251.40.206","QUIC","77","Protected Payload (KP0), DCID=cbb417318867faec"
"297","5.697209","10.48.115.199","142.251.40.206","QUIC","73","Protected Payload (KP0), DCID=cbb417318867faec"
"298","5.699798","142.251.40.206","10.48.115.199","QUIC","1288","Protected Payload (KP0)"
"299","5.699798","142.251.40.206","10.48.115.199","QUIC","319","Protected Payload (KP0)"
"300","5.700121","10.48.115.199","142.251.40.206","QUIC","77","Protected Payload (KP0), DCID=cbb417318867faec"
"301","5.700526","142.251.40.206","10.48.115.199","QUIC","120","Protected Payload (KP0)"
"302","5.700729","10.48.115.199","142.251.40.206","QUIC","73","Protected Payload (KP0), DCID=cbb417318867faec"
"303","5.705275","10.48.115.199","132.236.56.250","TCP","66","57553  >  53 [SYN] Seq=0 Win=64240 Len=0 MSS=1460 WS=256 SACK_PERM"
"304","5.705422","10.48.115.199","132.236.56.250","TCP","66","57554  >  53 [SYN] Seq=0 Win=64240 Len=0 MSS=1460 WS=256 SACK_PERM"
"305","5.707229","142.251.40.206","10.48.115.199","QUIC","65","Protected Payload (KP0)"
"306","5.707229","132.236.56.250","10.48.115.199","TCP","66","53  >  57553 [SYN, ACK] Seq=0 Ack=1 Win=29200 Len=0 MSS=1460 SACK_PERM WS=128"
"307","5.707341","10.48.115.199","132.236.56.250","TCP","54","57553  >  53 [ACK] Seq=1 Ack=1 Win=131328 Len=0"
"308","5.707432","10.48.115.199","132.236.56.250","TCP","56","57553  >  53 [PSH, ACK] Seq=1 Ack=1 Win=131328 Len=2 [TCP segment of a reassembled PDU]"
"309","5.707480","10.48.115.199","132.236.56.250","DNS","101","Standard query 0x0e42 A people-pa.clients6.google.com"
"310","5.708594","132.236.56.250","10.48.115.199","TCP","66","53  >  57554 [SYN, ACK] Seq=0 Ack=1 Win=29200 Len=0 MSS=1460 SACK_PERM WS=128"
"311","5.708654","10.48.115.199","132.236.56.250","TCP","54","57554  >  53 [ACK] Seq=1 Ack=1 Win=131328 Len=0"
"312","5.708788","10.48.115.199","132.236.56.250","TCP","56","57554  >  53 [PSH, ACK] Seq=1 Ack=1 Win=131328 Len=2 [TCP segment of a reassembled PDU]"
"313","5.708850","10.48.115.199","132.236.56.250","DNS","101","Standard query 0x20c0 HTTPS people-pa.clients6.google.com"
"314","5.709763","132.236.56.250","10.48.115.199","TCP","56","53  >  57553 [ACK] Seq=1 Ack=3 Win=29312 Len=0"
"315","5.709763","132.236.56.250","10.48.115.199","TCP","56","53  >  57553 [ACK] Seq=1 Ack=50 Win=29312 Len=0"
"316","5.710676","132.236.56.250","10.48.115.199","DNS","119","Standard query response 0x0e42 A people-pa.clients6.google.com A 142.251.40.234"
"317","5.710765","132.236.56.250","10.48.115.199","TCP","56","53  >  57554 [ACK] Seq=1 Ack=3 Win=29312 Len=0"
"318","5.710765","132.236.56.250","10.48.115.199","TCP","56","53  >  57554 [ACK] Seq=1 Ack=50 Win=29312 Len=0"
"319","5.710915","10.48.115.199","132.236.56.250","TCP","54","57553  >  53 [FIN, ACK] Seq=50 Ack=66 Win=131328 Len=0"
"320","5.712416","132.236.56.250","10.48.115.199","DNS","163","Standard query response 0x20c0 HTTPS people-pa.clients6.google.com SOA ns1.google.com"
"321","5.713478","10.48.115.199","142.251.40.234","QUIC","1292","Initial, DCID=273268d305b4d175, PKN: 1, CRYPTO, PADDING, PING, PING, PING, CRYPTO, PADDING, PING, CRYPTO, CRYPTO, PADDING, PING, CRYPTO, CRYPTO, CRYPTO"
"322","5.713960","10.48.115.199","142.251.40.234","QUIC","119","0-RTT, DCID=273268d305b4d175"
"323","5.714103","10.48.115.199","132.236.56.250","TCP","54","57554  >  53 [FIN, ACK] Seq=50 Ack=110 Win=131072 Len=0"
"324","5.714228","132.236.56.250","10.48.115.199","TCP","56","53  >  57553 [FIN, ACK] Seq=66 Ack=51 Win=29312 Len=0"
"325","5.714249","10.48.115.199","132.236.56.250","TCP","54","57553  >  53 [ACK] Seq=51 Ack=67 Win=131328 Len=0"
"326","5.718584","132.236.56.250","10.48.115.199","TCP","56","53  >  57554 [FIN, ACK] Seq=110 Ack=51 Win=29312 Len=0"
"327","5.718640","10.48.115.199","132.236.56.250","TCP","54","57554  >  53 [ACK] Seq=51 Ack=111 Win=131072 Len=0"
"328","5.731078","142.251.40.234","10.48.115.199","QUIC","1292","Protected Payload (KP0)"
"329","5.731078","142.251.40.234","10.48.115.199","QUIC","853","Protected Payload (KP0)"
"330","5.731869","142.251.40.234","10.48.115.199","QUIC","225","Protected Payload (KP0)"
"331","5.732107","10.48.115.199","142.251.40.234","QUIC","121","Handshake, DCID=e73268d305b4d175"
"332","5.732346","10.48.115.199","142.251.40.234","QUIC","73","Protected Payload (KP0), DCID=e73268d305b4d175"
"333","5.732590","10.48.115.199","142.251.40.234","QUIC","1288","Protected Payload (KP0), DCID=e73268d305b4d175"
"334","5.732628","10.48.115.199","142.251.40.234","QUIC","1288","Protected Payload (KP0), DCID=e73268d305b4d175"
"335","5.732648","10.48.115.199","142.251.40.234","QUIC","398","Protected Payload (KP0), DCID=e73268d305b4d175"
"336","5.732744","10.48.115.199","142.251.40.234","QUIC","984","Protected Payload (KP0), DCID=e73268d305b4d175"
"337","5.736361","142.251.40.206","10.48.115.199","QUIC","66","Protected Payload (KP0)"
"338","5.743249","142.251.40.234","10.48.115.199","QUIC","168","Protected Payload (KP0)"
"339","5.743249","142.251.40.234","10.48.115.199","QUIC","67","Protected Payload (KP0)"
"340","5.743465","142.251.40.234","10.48.115.199","QUIC","64","Protected Payload (KP0)"
"341","5.743465","142.251.40.234","10.48.115.199","QUIC","71","Protected Payload (KP0)"
"342","5.743770","10.48.115.199","142.251.40.234","QUIC","74","Protected Payload (KP0), DCID=e73268d305b4d175"
"343","5.769783","10.48.115.199","142.251.40.234","QUIC","74","Protected Payload (KP0), DCID=e73268d305b4d175"
"344","5.784630","142.251.40.234","10.48.115.199","QUIC","1062","Protected Payload (KP0)"
"345","5.784630","142.251.40.234","10.48.115.199","QUIC","160","Protected Payload (KP0)"
"346","5.785308","10.48.115.199","142.251.40.234","QUIC","77","Protected Payload (KP0), DCID=e73268d305b4d175"
"347","5.789177","142.251.40.234","10.48.115.199","QUIC","849","Protected Payload (KP0)"
"348","5.789177","142.251.40.234","10.48.115.199","QUIC","165","Protected Payload (KP0)"
"349","5.789435","10.48.115.199","142.251.40.234","QUIC","77","Protected Payload (KP0), DCID=e73268d305b4d175"
"350","5.800292","142.251.40.234","10.48.115.199","QUIC","65","Protected Payload (KP0)"
"351","5.808140","10.48.115.199","162.159.133.234","TLSv1.2","108","Application Data"
"352","5.815952","10.48.115.199","142.251.40.234","QUIC","74","Protected Payload (KP0), DCID=e73268d305b4d175"
"353","5.837258","162.159.133.234","10.48.115.199","TLSv1.2","87","Application Data"
"354","5.860839","162.159.133.234","10.48.115.199","TLSv1.2","147","Application Data"
"355","5.860919","10.48.115.199","162.159.133.234","TCP","54","56855  >  443 [ACK] Seq=55 Ack=127 Win=509 Len=0"
"356","6.283322","151.101.193.69","10.48.115.199","TLSv1.2","112","Application Data"
"357","6.283322","151.101.193.69","10.48.115.199","TLSv1.2","85","Encrypted Alert"
"358","6.283412","10.48.115.199","151.101.193.69","TCP","54","56907  >  443 [ACK] Seq=1 Ack=91 Win=511 Len=0"
"359","6.283810","10.48.115.199","151.101.193.69","TCP","54","56907  >  443 [FIN, ACK] Seq=1 Ack=91 Win=511 Len=0"
"360","6.294460","151.101.193.69","10.48.115.199","TCP","56","443  >  56907 [ACK] Seq=91 Ack=2 Win=294 Len=0"
"361","6.458300","10.48.115.199","128.253.180.2","TCP","66","57555  >  53 [SYN] Seq=0 Win=64240 Len=0 MSS=1460 WS=256 SACK_PERM"
"362","6.458438","10.48.115.199","128.253.180.2","TCP","66","57556  >  53 [SYN] Seq=0 Win=64240 Len=0 MSS=1460 WS=256 SACK_PERM"
"363","6.460757","128.253.180.2","10.48.115.199","TCP","66","53  >  57556 [SYN, ACK] Seq=0 Ack=1 Win=29200 Len=0 MSS=1460 SACK_PERM WS=128"
"364","6.460757","128.253.180.2","10.48.115.199","TCP","66","53  >  57555 [SYN, ACK] Seq=0 Ack=1 Win=29200 Len=0 MSS=1460 SACK_PERM WS=128"
"365","6.460858","10.48.115.199","128.253.180.2","TCP","54","57556  >  53 [ACK] Seq=1 Ack=1 Win=131328 Len=0"
"366","6.460930","10.48.115.199","128.253.180.2","TCP","56","57555  >  53 [PSH, ACK] Seq=1 Ack=1 Win=131328 Len=2 [TCP segment of a reassembled PDU]"
"367","6.460999","10.48.115.199","128.253.180.2","DNS","87","Standard query 0x8921 A docs.google.com"
"368","6.461035","10.48.115.199","128.253.180.2","TCP","56","57556  >  53 [PSH, ACK] Seq=1 Ack=1 Win=131328 Len=2 [TCP segment of a reassembled PDU]"
"369","6.461053","10.48.115.199","128.253.180.2","DNS","87","Standard query 0x3583 HTTPS docs.google.com"
"370","6.463217","128.253.180.2","10.48.115.199","TCP","56","53  >  57555 [ACK] Seq=1 Ack=3 Win=29312 Len=0"
"371","6.463217","128.253.180.2","10.48.115.199","TCP","56","53  >  57555 [ACK] Seq=1 Ack=36 Win=29312 Len=0"
"372","6.463477","128.253.180.2","10.48.115.199","TCP","56","53  >  57556 [ACK] Seq=1 Ack=3 Win=29312 Len=0"
"373","6.463477","128.253.180.2","10.48.115.199","TCP","56","53  >  57556 [ACK] Seq=1 Ack=36 Win=29312 Len=0"
"374","6.464075","128.253.180.2","10.48.115.199","DNS","139","Standard query response 0x3583 HTTPS docs.google.com SOA ns1.google.com"
"375","6.464075","128.253.180.2","10.48.115.199","DNS","105","Standard query response 0x8921 A docs.google.com A 142.251.41.14"
"376","6.464259","10.48.115.199","128.253.180.2","TCP","54","57555  >  53 [FIN, ACK] Seq=36 Ack=52 Win=131328 Len=0"
"377","6.464783","10.48.115.199","142.251.41.14","QUIC","1292","Initial, DCID=bee1ba9fb38f9626, PKN: 1, PADDING, PING, PADDING, CRYPTO, PADDING, PING, PING, PADDING, CRYPTO, PING, PING, PING, PADDING, PING, CRYPTO"
"378","6.464946","10.48.115.199","142.251.41.14","QUIC","120","0-RTT, DCID=bee1ba9fb38f9626"
"379","6.465001","10.48.115.199","128.253.180.2","TCP","54","57556  >  53 [FIN, ACK] Seq=36 Ack=86 Win=131072 Len=0"
"380","6.465174","10.48.115.199","142.251.41.14","QUIC","1288","0-RTT, DCID=bee1ba9fb38f9626"
"381","6.465204","10.48.115.199","142.251.41.14","QUIC","882","0-RTT, DCID=bee1ba9fb38f9626"
"382","6.467189","128.253.180.2","10.48.115.199","TCP","56","53  >  57555 [FIN, ACK] Seq=52 Ack=37 Win=29312 Len=0"
"383","6.467189","128.253.180.2","10.48.115.199","TCP","56","53  >  57556 [FIN, ACK] Seq=86 Ack=37 Win=29312 Len=0"
"384","6.467236","10.48.115.199","128.253.180.2","TCP","54","57555  >  53 [ACK] Seq=37 Ack=53 Win=131328 Len=0"
"385","6.467313","10.48.115.199","128.253.180.2","TCP","54","57556  >  53 [ACK] Seq=37 Ack=87 Win=131072 Len=0"
"386","6.482016","142.251.41.14","10.48.115.199","QUIC","1292","Protected Payload (KP0)"
"387","6.482016","142.251.41.14","10.48.115.199","QUIC","843","Protected Payload (KP0)"
"388","6.482220","142.251.41.14","10.48.115.199","QUIC","207","Protected Payload (KP0)"
"389","6.482220","142.251.41.14","10.48.115.199","QUIC","66","Protected Payload (KP0)"
"390","6.482833","10.48.115.199","142.251.41.14","QUIC","120","Handshake, DCID=fee1ba9fb38f9626"
"391","6.483006","10.48.115.199","142.251.41.14","QUIC","73","Protected Payload (KP0), DCID=fee1ba9fb38f9626"
"392","6.492565","142.251.41.14","10.48.115.199","QUIC","162","Protected Payload (KP0)"
"393","6.492565","142.251.41.14","10.48.115.199","QUIC","64","Protected Payload (KP0)"
"394","6.493072","10.48.115.199","142.251.41.14","QUIC","73","Protected Payload (KP0), DCID=fee1ba9fb38f9626"
"395","6.518717","10.48.115.199","142.251.41.14","QUIC","74","Protected Payload (KP0), DCID=fee1ba9fb38f9626"
"396","6.538381","142.251.41.14","10.48.115.199","QUIC","1137","Protected Payload (KP0)"
"397","6.538381","142.251.41.14","10.48.115.199","QUIC","1040","Protected Payload (KP0)"
"398","6.538609","142.251.41.14","10.48.115.199","QUIC","76","Protected Payload (KP0)"
"399","6.538609","142.251.41.14","10.48.115.199","QUIC","206","Protected Payload (KP0)"
"400","6.539023","10.48.115.199","142.251.41.14","QUIC","77","Protected Payload (KP0), DCID=fee1ba9fb38f9626"
"401","6.539233","10.48.115.199","142.251.41.14","QUIC","73","Protected Payload (KP0), DCID=fee1ba9fb38f9626"
"402","6.550390","142.251.41.14","10.48.115.199","QUIC","67","Protected Payload (KP0)"
"403","6.564798","10.48.115.199","142.251.41.14","QUIC","74","Protected Payload (KP0), DCID=fee1ba9fb38f9626"
"404","7.228388","142.251.40.170","10.48.115.199","UDP","345","443  >  52668 Len=303"
"405","7.231252","10.48.115.199","142.251.40.170","UDP","75","52668  >  443 Len=33"
"406","7.236085","142.251.40.170","10.48.115.199","UDP","345","443  >  52668 Len=303"
"407","7.238951","10.48.115.199","142.251.40.170","UDP","75","52668  >  443 Len=33"
"408","8.127179","10.48.115.199","142.250.80.78","UDP","71","55038  >  443 Len=29"
"409","8.140243","142.250.80.78","10.48.115.199","UDP","68","443  >  55038 Len=26"
"410","8.148158","10.48.115.199","132.236.56.250","TCP","66","57557  >  53 [SYN] Seq=0 Win=64240 Len=0 MSS=1460 WS=256 SACK_PERM"
"411","8.148372","10.48.115.199","132.236.56.250","TCP","66","57558  >  53 [SYN] Seq=0 Win=64240 Len=0 MSS=1460 WS=256 SACK_PERM"
"412","8.150315","132.236.56.250","10.48.115.199","TCP","66","53  >  57558 [SYN, ACK] Seq=0 Ack=1 Win=29200 Len=0 MSS=1460 SACK_PERM WS=128"
"413","8.150315","132.236.56.250","10.48.115.199","TCP","66","53  >  57557 [SYN, ACK] Seq=0 Ack=1 Win=29200 Len=0 MSS=1460 SACK_PERM WS=128"
"414","8.150418","10.48.115.199","132.236.56.250","TCP","54","57558  >  53 [ACK] Seq=1 Ack=1 Win=131328 Len=0"
"415","8.150474","10.48.115.199","132.236.56.250","TCP","56","57558  >  53 [PSH, ACK] Seq=1 Ack=1 Win=131328 Len=2 [TCP segment of a reassembled PDU]"
"416","8.150483","10.48.115.199","132.236.56.250","TCP","54","57557  >  53 [ACK] Seq=1 Ack=1 Win=131328 Len=0"
"417","8.150542","10.48.115.199","132.236.56.250","DNS","88","Standard query 0xa86d HTTPS drive.google.com"
"418","8.150585","10.48.115.199","132.236.56.250","TCP","56","57557  >  53 [PSH, ACK] Seq=1 Ack=1 Win=131328 Len=2 [TCP segment of a reassembled PDU]"
"419","8.150602","10.48.115.199","132.236.56.250","DNS","88","Standard query 0x8307 A drive.google.com"
"420","8.152552","132.236.56.250","10.48.115.199","TCP","56","53  >  57558 [ACK] Seq=1 Ack=3 Win=29312 Len=0"
"421","8.152552","132.236.56.250","10.48.115.199","TCP","56","53  >  57558 [ACK] Seq=1 Ack=37 Win=29312 Len=0"
"422","8.152785","132.236.56.250","10.48.115.199","TCP","56","53  >  57557 [ACK] Seq=1 Ack=3 Win=29312 Len=0"
"423","8.152785","132.236.56.250","10.48.115.199","TCP","56","53  >  57557 [ACK] Seq=1 Ack=37 Win=29312 Len=0"
"424","8.153032","132.236.56.250","10.48.115.199","DNS","106","Standard query response 0x8307 A drive.google.com A 142.251.40.174"
"425","8.153032","132.236.56.250","10.48.115.199","DNS","140","Standard query response 0xa86d HTTPS drive.google.com SOA ns1.google.com"
"426","8.153278","10.48.115.199","132.236.56.250","TCP","54","57558  >  53 [FIN, ACK] Seq=37 Ack=87 Win=131072 Len=0"
"427","8.153948","10.48.115.199","142.251.40.174","QUIC","1292","Initial, DCID=907ad52478c5dbc9, PKN: 1, PADDING, PING, PADDING, CRYPTO, PADDING, PING"
"428","8.154203","10.48.115.199","142.251.40.174","QUIC","121","0-RTT, DCID=907ad52478c5dbc9"
"429","8.154284","10.48.115.199","132.236.56.250","TCP","54","57557  >  53 [FIN, ACK] Seq=37 Ack=53 Win=131328 Len=0"
"430","8.155466","132.236.56.250","10.48.115.199","TCP","56","53  >  57558 [FIN, ACK] Seq=87 Ack=38 Win=29312 Len=0"
"431","8.155512","10.48.115.199","132.236.56.250","TCP","54","57558  >  53 [ACK] Seq=38 Ack=88 Win=131072 Len=0"
"432","8.157708","132.236.56.250","10.48.115.199","TCP","56","53  >  57557 [FIN, ACK] Seq=53 Ack=38 Win=29312 Len=0"
"433","8.157762","10.48.115.199","132.236.56.250","TCP","54","57557  >  53 [ACK] Seq=38 Ack=54 Win=131328 Len=0"
"434","8.170974","142.251.40.174","10.48.115.199","QUIC","1292","Protected Payload (KP0)"
"435","8.170974","142.251.40.174","10.48.115.199","QUIC","849","Protected Payload (KP0)"
"436","8.171261","142.251.40.174","10.48.115.199","QUIC","203","Protected Payload (KP0)"
"437","8.171434","10.48.115.199","142.251.40.174","QUIC","120","Handshake, DCID=d07ad52478c5dbc9"
"438","8.171571","10.48.115.199","142.251.40.174","QUIC","73","Protected Payload (KP0), DCID=d07ad52478c5dbc9"
"439","8.172081","10.48.115.199","142.251.40.174","QUIC","1288","Protected Payload (KP0), DCID=d07ad52478c5dbc9"
"440","8.172180","10.48.115.199","142.251.40.174","QUIC","1292","Protected Payload (KP0), DCID=d07ad52478c5dbc9"
"441","8.172203","10.48.115.199","142.251.40.174","QUIC","235","Protected Payload (KP0), DCID=d07ad52478c5dbc9"
"442","8.172286","10.48.115.199","142.251.40.174","QUIC","1288","Protected Payload (KP0), DCID=d07ad52478c5dbc9"
"443","8.172315","10.48.115.199","142.251.40.174","QUIC","1292","Protected Payload (KP0), DCID=d07ad52478c5dbc9"
"444","8.172338","10.48.115.199","142.251.40.174","QUIC","492","Protected Payload (KP0), DCID=d07ad52478c5dbc9"
"445","8.182973","142.251.40.174","10.48.115.199","QUIC","168","Protected Payload (KP0)"
"446","8.182973","142.251.40.174","10.48.115.199","QUIC","67","Protected Payload (KP0)"
"447","8.183185","142.251.40.174","10.48.115.199","QUIC","64","Protected Payload (KP0)"
"448","8.183281","10.48.115.199","142.251.40.174","QUIC","73","Protected Payload (KP0), DCID=d07ad52478c5dbc9"
"449","8.184954","142.251.40.174","10.48.115.199","QUIC","67","Protected Payload (KP0)"
"450","8.235937","142.251.40.174","10.48.115.199","QUIC","1123","Protected Payload (KP0)"
"451","8.236236","10.48.115.199","142.251.40.174","QUIC","77","Protected Payload (KP0), DCID=d07ad52478c5dbc9"
"452","8.237712","142.251.40.174","10.48.115.199","QUIC","132","Protected Payload (KP0)"
"453","8.261160","142.251.40.170","10.48.115.199","UDP","122","443  >  52668 Len=80"
"454","8.263465","10.48.115.199","142.251.40.174","QUIC","74","Protected Payload (KP0), DCID=d07ad52478c5dbc9"
"455","8.264468","10.48.115.199","142.251.40.170","UDP","75","52668  >  443 Len=33"
"456","8.273736","142.251.40.174","10.48.115.199","QUIC","66","Protected Payload (KP0)"
"457","8.278872","10.48.115.199","142.250.80.78","UDP","619","55038  >  443 Len=577"
"458","8.290499","142.250.80.78","10.48.115.199","UDP","74","443  >  55038 Len=32"
"459","8.294451","10.48.115.199","142.250.80.78","UDP","75","55038  >  443 Len=33"
"460","8.310548","142.250.80.78","10.48.115.199","UDP","159","443  >  55038 Len=117"
"461","8.310548","142.250.80.78","10.48.115.199","UDP","213","443  >  55038 Len=171"
"462","8.310833","10.48.115.199","142.250.80.78","UDP","81","55038  >  443 Len=39"
"463","8.313469","10.48.115.199","142.250.80.78","UDP","75","55038  >  443 Len=33"
"464","8.323678","142.250.80.78","10.48.115.199","UDP","68","443  >  55038 Len=26"
"465","8.575918","162.159.133.234","10.48.115.199","TLSv1.2","170","Application Data"
"466","8.618947","10.48.115.199","162.159.133.234","TCP","54","56855  >  443 [ACK] Seq=55 Ack=243 Win=508 Len=0"
"467","9.128047","10.48.115.199","142.251.40.206","QUIC","1288","Protected Payload (KP0), DCID=cbb417318867faec"
"468","9.128171","10.48.115.199","142.251.40.206","QUIC","1292","Protected Payload (KP0), DCID=cbb417318867faec"
"469","9.128192","10.48.115.199","142.251.40.206","QUIC","1292","Protected Payload (KP0), DCID=cbb417318867faec"
"470","9.128209","10.48.115.199","142.251.40.206","QUIC","415","Protected Payload (KP0), DCID=cbb417318867faec"
"471","9.129562","10.48.115.199","142.251.40.206","QUIC","1288","Protected Payload (KP0), DCID=cbb417318867faec"
"472","9.129661","10.48.115.199","142.251.40.206","QUIC","1292","Protected Payload (KP0), DCID=cbb417318867faec"
"473","9.129681","10.48.115.199","142.251.40.206","QUIC","1292","Protected Payload (KP0), DCID=cbb417318867faec"
"474","9.129698","10.48.115.199","142.251.40.206","QUIC","195","Protected Payload (KP0), DCID=cbb417318867faec"
"475","9.135400","10.48.115.199","128.253.180.2","TCP","66","57559  >  53 [SYN] Seq=0 Win=64240 Len=0 MSS=1460 WS=256 SACK_PERM"
"476","9.135594","10.48.115.199","128.253.180.2","TCP","66","57560  >  53 [SYN] Seq=0 Win=64240 Len=0 MSS=1460 WS=256 SACK_PERM"
"477","9.137537","128.253.180.2","10.48.115.199","TCP","66","53  >  57559 [SYN, ACK] Seq=0 Ack=1 Win=29200 Len=0 MSS=1460 SACK_PERM WS=128"
"478","9.137537","128.253.180.2","10.48.115.199","TCP","66","53  >  57560 [SYN, ACK] Seq=0 Ack=1 Win=29200 Len=0 MSS=1460 SACK_PERM WS=128"
"479","9.137603","10.48.115.199","128.253.180.2","TCP","54","57559  >  53 [ACK] Seq=1 Ack=1 Win=131328 Len=0"
"480","9.137645","10.48.115.199","128.253.180.2","TCP","54","57560  >  53 [ACK] Seq=1 Ack=1 Win=131328 Len=0"
"481","9.137668","10.48.115.199","128.253.180.2","TCP","56","57560  >  53 [PSH, ACK] Seq=1 Ack=1 Win=131328 Len=2 [TCP segment of a reassembled PDU]"
"482","9.137719","10.48.115.199","128.253.180.2","DNS","108","Standard query 0x84e8 HTTPS drivefrontend-pa.clients6.google.com"
"483","9.137750","10.48.115.199","128.253.180.2","TCP","56","57559  >  53 [PSH, ACK] Seq=1 Ack=1 Win=131328 Len=2 [TCP segment of a reassembled PDU]"
"484","9.137764","10.48.115.199","128.253.180.2","DNS","108","Standard query 0x8073 A drivefrontend-pa.clients6.google.com"
"485","9.138838","142.251.40.206","10.48.115.199","QUIC","69","Protected Payload (KP0)"
"486","9.138838","142.251.40.206","10.48.115.199","QUIC","65","Protected Payload (KP0)"
"487","9.139425","128.253.180.2","10.48.115.199","TCP","56","53  >  57560 [ACK] Seq=1 Ack=3 Win=29312 Len=0"
"488","9.139425","128.253.180.2","10.48.115.199","TCP","56","53  >  57560 [ACK] Seq=1 Ack=57 Win=29312 Len=0"
"489","9.139657","128.253.180.2","10.48.115.199","TCP","56","53  >  57559 [ACK] Seq=1 Ack=3 Win=29312 Len=0"
"490","9.139657","128.253.180.2","10.48.115.199","DNS","170","Standard query response 0x84e8 HTTPS drivefrontend-pa.clients6.google.com SOA ns1.google.com"
"491","9.139721","10.48.115.199","128.253.180.2","TCP","54","57560  >  53 [FIN, ACK] Seq=57 Ack=117 Win=131072 Len=0"
"492","9.140183","128.253.180.2","10.48.115.199","TCP","56","53  >  57559 [ACK] Seq=1 Ack=57 Win=29312 Len=0"
"493","9.140183","142.251.40.206","10.48.115.199","QUIC","69","Protected Payload (KP0)"
"494","9.140273","10.48.115.199","142.251.40.206","QUIC","73","Protected Payload (KP0), DCID=cbb417318867faec"
"495","9.141244","128.253.180.2","10.48.115.199","DNS","126","Standard query response 0x8073 A drivefrontend-pa.clients6.google.com A 142.250.65.234"
"496","9.141684","142.251.40.206","10.48.115.199","QUIC","65","Protected Payload (KP0)"
"497","9.141684","128.253.180.2","10.48.115.199","TCP","56","53  >  57560 [FIN, ACK] Seq=117 Ack=58 Win=29312 Len=0"
"498","9.141697","10.48.115.199","142.250.65.234","QUIC","1292","Initial, DCID=3936aa33267630a5, PKN: 1, PADDING, PING, CRYPTO, PING, PADDING, CRYPTO, PADDING, PING, PADDING, CRYPTO, PING, PING, CRYPTO, PING, PADDING, PING, PADDING"
"499","9.141704","10.48.115.199","128.253.180.2","TCP","54","57560  >  53 [ACK] Seq=58 Ack=118 Win=131072 Len=0"
"500","9.141858","10.48.115.199","128.253.180.2","TCP","54","57559  >  53 [FIN, ACK] Seq=57 Ack=73 Win=131328 Len=0"
"501","9.143884","10.48.115.199","142.250.65.234","QUIC","121","0-RTT, DCID=3936aa33267630a5"
"502","9.143921","128.253.180.2","10.48.115.199","TCP","56","53  >  57559 [FIN, ACK] Seq=73 Ack=58 Win=29312 Len=0"
"503","9.143950","10.48.115.199","128.253.180.2","TCP","54","57559  >  53 [ACK] Seq=58 Ack=74 Win=131328 Len=0"
"504","9.144097","10.48.115.199","142.250.65.234","QUIC","1288","0-RTT, DCID=3936aa33267630a5"
"505","9.144129","10.48.115.199","142.250.65.234","QUIC","650","0-RTT, DCID=3936aa33267630a5"
"506","9.160556","142.250.65.234","10.48.115.199","QUIC","1292","Protected Payload (KP0)"
"507","9.160556","142.250.65.234","10.48.115.199","QUIC","856","Protected Payload (KP0)"
"508","9.160760","142.250.65.234","10.48.115.199","QUIC","236","Protected Payload (KP0)"
"509","9.160760","142.250.65.234","10.48.115.199","QUIC","66","Protected Payload (KP0)"
"510","9.161480","10.48.115.199","142.250.65.234","QUIC","121","Handshake, DCID=f936aa33267630a5"
"511","9.161678","10.48.115.199","142.250.65.234","QUIC","73","Protected Payload (KP0), DCID=f936aa33267630a5"
"512","9.171760","142.250.65.234","10.48.115.199","QUIC","162","Protected Payload (KP0)"
"513","9.171760","142.250.65.234","10.48.115.199","QUIC","64","Protected Payload (KP0)"
"514","9.171971","10.48.115.199","142.250.65.234","QUIC","73","Protected Payload (KP0), DCID=f936aa33267630a5"
"515","9.180647","142.250.65.234","10.48.115.199","QUIC","354","Protected Payload (KP0)"
"516","9.180647","142.250.65.234","10.48.115.199","QUIC","63","Protected Payload (KP0)"
"517","9.181282","10.48.115.199","142.250.65.234","QUIC","77","Protected Payload (KP0), DCID=f936aa33267630a5"
"518","9.183277","10.48.115.199","142.250.65.234","QUIC","1292","Initial, DCID=68150319c2f60183, PKN: 1, CRYPTO, PADDING, CRYPTO, PADDING, PING, PADDING, CRYPTO, PADDING"
"519","9.183491","10.48.115.199","142.250.65.234","QUIC","119","0-RTT, DCID=68150319c2f60183"
"520","9.183695","10.48.115.199","142.250.65.234","QUIC","1288","0-RTT, DCID=68150319c2f60183"
"521","9.183724","10.48.115.199","142.250.65.234","QUIC","1292","0-RTT, DCID=68150319c2f60183"
"522","9.183765","10.48.115.199","142.250.65.234","QUIC","1114","0-RTT, DCID=68150319c2f60183"
"523","9.183783","10.48.115.199","142.250.65.234","QUIC","124","0-RTT, DCID=68150319c2f60183"
"524","9.193221","142.250.65.234","10.48.115.199","QUIC","67","Protected Payload (KP0)"
"525","9.202449","142.250.65.234","10.48.115.199","QUIC","1292","Protected Payload (KP0)"
"526","9.202449","142.250.65.234","10.48.115.199","QUIC","854","Protected Payload (KP0)"
"527","9.203063","142.250.65.234","10.48.115.199","QUIC","238","Protected Payload (KP0)"
"528","9.203063","142.250.65.234","10.48.115.199","QUIC","66","Protected Payload (KP0)"
"529","9.203204","10.48.115.199","142.250.65.234","QUIC","120","Handshake, DCID=e8150319c2f60183"
"530","9.203386","10.48.115.199","142.250.65.234","QUIC","73","Protected Payload (KP0), DCID=e8150319c2f60183"
"531","9.204585","142.250.65.234","10.48.115.199","QUIC","64","Protected Payload (KP0)"
"532","9.204799","10.48.115.199","142.250.65.234","QUIC","73","Protected Payload (KP0), DCID=e8150319c2f60183"
"533","9.206973","10.48.115.199","142.250.65.234","QUIC","74","Protected Payload (KP0), DCID=f936aa33267630a5"
"534","9.214517","142.250.65.234","10.48.115.199","QUIC","162","Protected Payload (KP0)"
"535","9.240972","10.48.115.199","142.250.65.234","QUIC","74","Protected Payload (KP0), DCID=e8150319c2f60183"
"536","9.318502","142.250.65.234","10.48.115.199","QUIC","1288","Protected Payload (KP0)"
"537","9.318502","142.250.65.234","10.48.115.199","QUIC","930","Protected Payload (KP0)"
"538","9.319062","10.48.115.199","142.250.65.234","QUIC","77","Protected Payload (KP0), DCID=e8150319c2f60183"
"539","9.319834","142.250.65.234","10.48.115.199","QUIC","217","Protected Payload (KP0)"
"540","9.320477","10.48.115.199","142.250.65.234","QUIC","73","Protected Payload (KP0), DCID=e8150319c2f60183"
"541","9.329555","142.250.65.234","10.48.115.199","QUIC","67","Protected Payload (KP0)"
"542","9.355296","10.48.115.199","142.251.40.206","QUIC","71","Protected Payload (KP0), DCID=cbb417318867faec"
"543","9.370630","142.251.40.206","10.48.115.199","QUIC","1288","Protected Payload (KP0)"
"544","9.370630","142.251.40.206","10.48.115.199","QUIC","298","Protected Payload (KP0)"
"545","9.370630","142.251.40.206","10.48.115.199","QUIC","192","Protected Payload (KP0)"
"546","9.371118","10.48.115.199","142.251.40.206","QUIC","77","Protected Payload (KP0), DCID=cbb417318867faec"
"547","9.371296","10.48.115.199","142.251.40.206","QUIC","73","Protected Payload (KP0), DCID=cbb417318867faec"
"548","9.376673","142.251.40.206","10.48.115.199","QUIC","1288","Protected Payload (KP0)"
"549","9.376673","142.251.40.206","10.48.115.199","QUIC","268","Protected Payload (KP0)"
"550","9.377079","10.48.115.199","142.251.40.206","QUIC","77","Protected Payload (KP0), DCID=cbb417318867faec"
"551","9.378126","142.251.40.206","10.48.115.199","QUIC","189","Protected Payload (KP0)"
"552","9.378345","10.48.115.199","142.251.40.206","QUIC","73","Protected Payload (KP0), DCID=cbb417318867faec"
"553","9.378579","10.48.115.199","142.251.40.234","QUIC","1206","Protected Payload (KP0), DCID=e73268d305b4d175"
"554","9.384345","10.48.115.199","142.251.40.234","QUIC","988","Protected Payload (KP0), DCID=e73268d305b4d175"
"555","9.388517","142.251.40.206","10.48.115.199","QUIC","65","Protected Payload (KP0)"
"556","9.390103","142.251.40.234","10.48.115.199","QUIC","69","Protected Payload (KP0)"
"557","9.396157","142.251.40.234","10.48.115.199","QUIC","69","Protected Payload (KP0)"
"558","9.396527","10.48.115.199","142.251.40.234","QUIC","73","Protected Payload (KP0), DCID=e73268d305b4d175"
"559","9.420148","10.48.115.199","128.253.180.2","TCP","66","57561  >  53 [SYN] Seq=0 Win=64240 Len=0 MSS=1460 WS=256 SACK_PERM"
"560","9.420306","10.48.115.199","128.253.180.2","TCP","66","57562  >  53 [SYN] Seq=0 Win=64240 Len=0 MSS=1460 WS=256 SACK_PERM"
"561","9.422408","128.253.180.2","10.48.115.199","TCP","66","53  >  57562 [SYN, ACK] Seq=0 Ack=1 Win=29200 Len=0 MSS=1460 SACK_PERM WS=128"
"562","9.422408","128.253.180.2","10.48.115.199","TCP","66","53  >  57561 [SYN, ACK] Seq=0 Ack=1 Win=29200 Len=0 MSS=1460 SACK_PERM WS=128"
"563","9.422482","10.48.115.199","128.253.180.2","TCP","54","57562  >  53 [ACK] Seq=1 Ack=1 Win=131328 Len=0"
"564","9.422525","10.48.115.199","128.253.180.2","TCP","54","57561  >  53 [ACK] Seq=1 Ack=1 Win=131328 Len=0"
"565","9.422592","10.48.115.199","128.253.180.2","TCP","56","57561  >  53 [PSH, ACK] Seq=1 Ack=1 Win=131328 Len=2 [TCP segment of a reassembled PDU]"
"566","9.422667","10.48.115.199","128.253.180.2","DNS","87","Standard query 0x5995 A s.joinhoney.com"
"567","9.422738","10.48.115.199","128.253.180.2","TCP","56","57562  >  53 [PSH, ACK] Seq=1 Ack=1 Win=131328 Len=2 [TCP segment of a reassembled PDU]"
"568","9.422768","10.48.115.199","128.253.180.2","DNS","87","Standard query 0xdb06 HTTPS s.joinhoney.com"
"569","9.424666","128.253.180.2","10.48.115.199","TCP","56","53  >  57562 [ACK] Seq=1 Ack=3 Win=29312 Len=0"
"570","9.424666","128.253.180.2","10.48.115.199","TCP","56","53  >  57562 [ACK] Seq=1 Ack=36 Win=29312 Len=0"
"571","9.424885","128.253.180.2","10.48.115.199","TCP","56","53  >  57561 [ACK] Seq=1 Ack=3 Win=29312 Len=0"
"572","9.424885","128.253.180.2","10.48.115.199","TCP","56","53  >  57561 [ACK] Seq=1 Ack=36 Win=29312 Len=0"
"573","9.425552","128.253.180.2","10.48.115.199","DNS","185","Standard query response 0xdb06 HTTPS s.joinhoney.com SOA ns-cloud-b1.googledomains.com"
"574","9.425552","128.253.180.2","10.48.115.199","DNS","105","Standard query response 0x5995 A s.joinhoney.com A 130.211.26.229"
"575","9.425803","10.48.115.199","128.253.180.2","TCP","54","57561  >  53 [FIN, ACK] Seq=36 Ack=52 Win=131328 Len=0"
"576","9.426735","10.48.115.199","130.211.26.229","QUIC","1292","Initial, DCID=92d0f805269906a7, PKN: 1, PADDING, CRYPTO, PING, PADDING, PING, PADDING, PING, PADDING, PING"
"577","9.426847","10.48.115.199","128.253.180.2","TCP","54","57562  >  53 [FIN, ACK] Seq=36 Ack=132 Win=131072 Len=0"
"578","9.428685","128.253.180.2","10.48.115.199","TCP","56","53  >  57561 [FIN, ACK] Seq=52 Ack=37 Win=29312 Len=0"
"579","9.428685","128.253.180.2","10.48.115.199","TCP","56","53  >  57562 [FIN, ACK] Seq=132 Ack=37 Win=29312 Len=0"
"580","9.428724","10.48.115.199","128.253.180.2","TCP","54","57561  >  53 [ACK] Seq=37 Ack=53 Win=131328 Len=0"
"581","9.428791","10.48.115.199","128.253.180.2","TCP","54","57562  >  53 [ACK] Seq=37 Ack=133 Win=131072 Len=0"
"582","9.428924","142.251.40.234","10.48.115.199","QUIC","885","Protected Payload (KP0)"
"583","9.429133","10.48.115.199","142.251.40.234","QUIC","77","Protected Payload (KP0), DCID=e73268d305b4d175"
"584","9.431082","142.251.40.234","10.48.115.199","QUIC","242","Protected Payload (KP0)"
"585","9.432194","142.251.40.234","10.48.115.199","QUIC","864","Protected Payload (KP0)"
"586","9.432194","142.251.40.234","10.48.115.199","QUIC","149","Protected Payload (KP0)"
"587","9.432434","10.48.115.199","142.251.40.234","QUIC","77","Protected Payload (KP0), DCID=e73268d305b4d175"
"588","9.442882","142.251.40.234","10.48.115.199","QUIC","65","Protected Payload (KP0)"
"589","9.444764","130.211.26.229","10.48.115.199","QUIC","1292","Protected Payload (KP0)"
"590","9.445957","10.48.115.199","130.211.26.229","QUIC","1292","Handshake, DCID=d2d0f805269906a7"
"591","9.446594","10.48.115.199","130.211.26.229","QUIC","125","Handshake, DCID=d2d0f805269906a7"
"592","9.446683","10.48.115.199","130.211.26.229","QUIC","113","Protected Payload (KP0), DCID=d2d0f805269906a7"
"593","9.446931","10.48.115.199","130.211.26.229","QUIC","931","Protected Payload (KP0), DCID=d2d0f805269906a7"
"594","9.457091","130.211.26.229","10.48.115.199","QUIC","560","Protected Payload (KP0)"
"595","9.457091","130.211.26.229","10.48.115.199","QUIC","163","Protected Payload (KP0)"
"596","9.457372","10.48.115.199","130.211.26.229","QUIC","74","Protected Payload (KP0), DCID=d2d0f805269906a7"
"597","9.457561","10.48.115.199","142.251.40.234","QUIC","74","Protected Payload (KP0), DCID=e73268d305b4d175"
"598","9.460411","130.211.26.229","10.48.115.199","QUIC","69","Protected Payload (KP0)"
"599","9.486140","10.48.115.199","130.211.26.229","QUIC","74","Protected Payload (KP0), DCID=d2d0f805269906a7"
"600","9.668782","10.48.115.199","130.211.26.229","QUIC","71","Protected Payload (KP0), DCID=d2d0f805269906a7"
"601","9.687023","130.211.26.229","10.48.115.199","QUIC","424","Protected Payload (KP0)"
"602","9.687523","10.48.115.199","130.211.26.229","QUIC","77","Protected Payload (KP0), DCID=d2d0f805269906a7"
"603","9.724286","130.211.26.229","10.48.115.199","QUIC","66","Protected Payload (KP0)"
"604","9.816094","142.251.35.174","10.48.115.199","UDP","79","443  >  60547 Len=37"
"605","9.819489","10.48.115.199","142.251.35.174","UDP","75","60547  >  443 Len=33"
"606","10.954987","162.159.133.234","10.48.115.199","TLSv1.2","453","Application Data"
"607","10.996796","10.48.115.199","162.159.133.234","TCP","54","56855  >  443 [ACK] Seq=55 Ack=642 Win=514 Len=0"
